{"stats":{"minecraft:crafted":{"minecraft:oak_planks":24,"minecraft:stone_axe":1,"minecraft:crafting_table":2,"minecraft:stick":8,"minecraft:stone_pickaxe":1,"minecraft:wooden_pickaxe":1},"minecraft:custom":{"minecraft:time_since_rest":4159,"minecraft:crouch_one_cm":448,"minecraft:play_time":5890,"minecraft:sprint_one_cm":3504,"minecraft:walk_one_cm":10827,"minecraft:damage_taken":390,"minecraft:deaths":2,"minecraft:sneak_time":205,"minecraft:walk_under_water_one_cm":1070,"minecraft:mob_kills":1,"minecraft:jump":103,"minecraft:damage_dealt":273,"minecraft:time_since_death":4136,"minecraft:walk_on_water_one_cm":82,"minecraft:total_world_time":5890,"minecraft:swim_one_cm":1371,"minecraft:interact_with_crafting_table":3,"minecraft:fall_one_cm":3888,"minecraft:fly_one_cm":4041},"minecraft:killed_by":{"minecraft:player":1},"minecraft:used":{"minecraft:stone_axe":1,"minecraft:dirt":3,"minecraft:crafting_table":1,"minecraft:porkchop":2,"minecraft:stone_pickaxe":2,"minecraft:wooden_pickaxe":9},"minecraft:picked_up":{"minecraft:stick":2,"minecraft:crafting_table":1,"minecraft:porkchop":2,"minecraft:oak_log":6,"minecraft:dirt":6,"minecraft:cobblestone":6},"minecraft:mined":{"minecraft:grass":2,"minecraft:grass_block":3,"minecraft:oak_log":6,"minecraft:dirt":3,"minecraft:stone":6,"minecraft:oak_leaves":2,"minecraft:crafting_table":1},"minecraft:killed":{"minecraft:pig":1}},"DataVersion":2975}