{"stats":{"minecraft:crafted":{"minecraft:oak_planks":60,"minecraft:crafting_table":2,"minecraft:stick":16,"minecraft:wooden_pickaxe":1,"minecraft:stone_pickaxe":1,"minecraft:torch":16,"minecraft:stone_axe":1},"minecraft:custom":{"minecraft:time_since_rest":405,"minecraft:sprint_one_cm":42103,"minecraft:damage_taken":440,"minecraft:walk_one_cm":16567,"minecraft:mob_kills":2,"minecraft:damage_dealt":373,"minecraft:interact_with_crafting_table":3,"minecraft:swim_one_cm":5529,"minecraft:fly_one_cm":24890,"minecraft:crouch_one_cm":3572,"minecraft:play_time":14316,"minecraft:deaths":3,"minecraft:sneak_time":1687,"minecraft:walk_under_water_one_cm":4366,"minecraft:jump":255,"minecraft:leave_game":1,"minecraft:walk_on_water_one_cm":8188,"minecraft:time_since_death":375,"minecraft:total_world_time":14316,"minecraft:fall_one_cm":8492},"minecraft:killed_by":{"minecraft:player":1},"minecraft:used":{"minecraft:oak_log":2,"minecraft:stone_pickaxe":52,"minecraft:wooden_pickaxe":9,"minecraft:stone_axe":14,"minecraft:dirt":6,"minecraft:cobblestone":11,"minecraft:crafting_table":1,"minecraft:porkchop":2},"minecraft:picked_up":{"minecraft:raw_iron":2,"minecraft:stick":2,"minecraft:crafting_table":1,"minecraft:porkchop":5,"minecraft:oak_log":17,"minecraft:dirt":6,"minecraft:coal":21,"minecraft:cobblestone":31},"minecraft:mined":{"minecraft:iron_ore":2,"minecraft:crafting_table":1,"minecraft:grass":2,"minecraft:grass_block":3,"minecraft:oak_log":17,"minecraft:coal_ore":21,"minecraft:dirt":3,"minecraft:spruce_leaves":2,"minecraft:stone":32,"minecraft:oak_leaves":2},"minecraft:killed":{"minecraft:pig":2}},"DataVersion":2975}