{"stats":{"minecraft:custom":{"minecraft:jump":86,"minecraft:time_since_rest":268,"minecraft:leave_game":1,"minecraft:damage_dealt":143,"minecraft:deaths":1,"minecraft:walk_on_water_one_cm":146,"minecraft:sprint_one_cm":11953,"minecraft:play_time":2142,"minecraft:damage_taken":253,"minecraft:time_since_death":242,"minecraft:walk_one_cm":4137,"minecraft:total_world_time":2142,"minecraft:walk_under_water_one_cm":265,"minecraft:swim_one_cm":1907,"minecraft:fall_one_cm":3517,"minecraft:fly_one_cm":10748,"minecraft:player_kills":1},"minecraft:mined":{"minecraft:birch_leaves":1}},"DataVersion":2975}